,fundId,fundCode,fundName,fundDescription,currency,fundLogoPath,fundLogoPath2,fundManager,bloombergTicker,fundCategoryId,fundCategory,riskClassificationId,riskClassification,currentNAVPU,navpuDate,isPERA,return1yr,return1yrPercent,return3yr,return3yrPercent,riskRatingId,riskRating,returnRatingId,returnRating
43,1,DB4,Manulife Asia Dynamic Bond Feeder Fund,"The Fund is a bond UITF structured as a feeder fund that aims to maximize total return by investing all or substantially all of its assets in a bond collective investment scheme (CIS), the Target Fund, that invests in a diversified portfolio of fixedincome securities, issued by governments, agencies, supra-nationals and corporate issuers located primarily in Asia and other allowable investments. The Target Fund is the Manulife Global Fund – Asia Total Return Fund.",PHP,https://public-assets.dragonfi.ph/Securities/MFC/MFC,https://public-assets.dragonfi.ph/Funds/Manulife/mim.png,Manulife,MTPHDB4,3,Bond Fund,3,Aggressive,61.1958,2026-08-13T00:00:00,False,0.0671,6.7066,0.03,3.0047,1.0,Below,1.0,Below
57,2,IB1,Manulife Income Builder Fund,The Fund is a bond fund that seeks to achieve stable and long-term growth by investing in government securities and/or high quality corporate debt securities and other liquid fixed income instruments. The Fund’s benchmark is the Bloomberg Philippine Sovereign Bond 1-5 Year Index.,PHP,https://public-assets.dragonfi.ph/Securities/MFC/MFC,https://public-assets.dragonfi.ph/Funds/Manulife/mim.png,Manulife,MTPHIB1,3,Bond Fund,2,Moderate,1.2368,2026-08-13T00:00:00,False,0.0205,2.0462,0.039,3.9028,,,,
60,3,SI1,Manulife Stable Income Fund,The Fund is a bond fund that seeks to preserve capital and generate income by investing in fixed income securities with maximum remaining term to maturity of up to five (5) years. The Fund's benchmark is 50% Bloomberg Philippine Sovereign Bond Index 1 to 3 Year Index + 50% 91-day T-Bill Rate.,PHP,https://public-assets.dragonfi.ph/Securities/MFC/MFC,https://public-assets.dragonfi.ph/Funds/Manulife/mim.png,Manulife,MTPHSI1,3,Bond Fund,2,Moderate,1.2738,2026-08-13T00:00:00,False,0.0326,3.2588,0.0419,4.1875,,,,
47,4,EW1,Manulife Equity Wealth Fund,"The Fund is an equity fund that seeks to achieve long-term capital appreciation by investing in stocks listed on the Philippine Stock Exchange, fixed income securities and other liquid fixed income instruments. The Fund’s benchmark is the Philippine Stock Exchange index (PSEi).",PHP,https://public-assets.dragonfi.ph/Securities/MFC/MFC,https://public-assets.dragonfi.ph/Funds/Manulife/mim.png,Manulife,MTPHEW1,2,Equity Fund,3,Aggressive,0.8458,2026-08-13T00:00:00,False,0.0152,1.5244,0.0236,2.3616,,,,
42,5,BS4,Manulife Asia Best Select Equity Fund,"The Fund seeks to achieve capital growth by investing primarily in a diversified portfolio of securities of companies listed on stock markets in and/or incorporated in and/or with significant business interests in Asia including Australia, Hong Kong, Indonesia, Malaysia, New Zealand, the PRC, Philippines, Singapore, South Korea, Taiwan, Thailand, Vietnam and Pakistan, but not in Japan.",PHP,https://public-assets.dragonfi.ph/Securities/MFC/MFC,https://public-assets.dragonfi.ph/Funds/Manulife/mim.png,Manulife,MTPHBS4,2,Equity Fund,3,Aggressive,111.908,2026-08-13T00:00:00,False,0.5855,58.5494,0.2444,24.439,,,,
44,6,PR4,Manulife Asia Pacific REIT Fund of Funds,The Fund is a unit-paying equity fund of funds that seeks to achieve long-term capital appreciation and generate income by investing primarily in a diversified portfolio of exchange-listed real estate investment trusts (REITs) in the Asia Pacific region and other allowable investments.,PHP,https://public-assets.dragonfi.ph/Securities/MFC/MFC,https://public-assets.dragonfi.ph/Funds/Manulife/mim.png,Manulife,MTPHPR4,2,Equity Fund,3,Aggressive,50.2583,2026-08-13T00:00:00,False,0.0353,3.5259,0.0157,1.5676,,,,
46,7,DG4,Manulife Dragon Growth Equity Feeder Fund,"The Fund is an equity UITF structured as a feeder fund that aims to maximize total return by investing all or substantially all of its assets in an equity collective investment scheme (CIS), the Target Fund, that aims to achieve capital growth by investing at least 70% of its net assets in a diversified portfolio of equity related securities of public companies which are listed in Hong Kong and/or, although not listed in Hong Kong, are listed on a stock exchange in any other jurisdiction and have substantial business interests in Hong Kong and/or China. The Target Fund is the Manulife Global Fund – Dragon Growth Fund.",PHP,https://public-assets.dragonfi.ph/Securities/MFC/MFC,https://public-assets.dragonfi.ph/Funds/Manulife/mim.png,Manulife,MTPHDG4,2,Equity Fund,3,Aggressive,68.2748,2026-08-13T00:00:00,False,0.085,8.5015,0.1036,10.3605,,,,
52,8,GP4,Manulife Global Preferred Income Feeder Fund,"The Fund is a unit-paying balanced UITF structured as a feeder fund that aims to maximize total return by investing all or substantially all of its assets in a collective investment scheme (CIS), the Target Fund, that aims to provide income generation with potential long term capital appreciation by investing at least 70% of its net assets in preferred securities listed or traded on any regulated market in the world, which include preferred stocks (including convertible preferred stocks) and subordinated debt securities. The Target Fund is the Manulife Global Fund – Preferred Securities Income Fund.",PHP,https://public-assets.dragonfi.ph/Securities/MFC/MFC,https://public-assets.dragonfi.ph/Funds/Manulife/mim.png,Manulife,MTPHGP4,4,Multi-Asset,3,Aggressive,53.5586,2026-08-13T00:00:00,False,0.039,3.9023,0.0282,2.8203,,,,
40,9,AG4,Manulife American Growth Equity Feeder Fund,"The Fund is an equity UITF structured as a feeder fund that aims to maximize total return by investing all or substantially all of its assets in a collective investment scheme (CIS), the Target Fund, which aims to achieve capital growth by investing at least 70% of its net assets in a portfolio of equity and equity related securities of North American companies, with the main emphasis on the U.S.. Such equity and equity related securities include common stocks, preferred stocks and depositary receipts. The Target Fund is the Manulife Global Fund – U.S. Equity Fund.",PHP,https://public-assets.dragonfi.ph/Securities/MFC/MFC,https://public-assets.dragonfi.ph/Funds/Manulife/mim.png,Manulife,MTPHAG4,2,Equity Fund,3,Aggressive,138.1812,2026-08-13T00:00:00,False,0.2132,21.3246,0.1735,17.3533,,,,
51,10,GM4,Manulife Global Multi-Asset Diversified Income Feeder Fund,"The Fund is a unit-paying balanced UITF structured as a feeder fund that aims to maximize total return by investing all or substantially all of its assets in a collective investment scheme (CIS), the Target Fund. The Target Fund aims to achieve income generation by investing in a diversified portfolio of equity, equity-related securities, fixed income, and fixed income-related securities of companies and/or governments globally (including emerging markets). To meet its objective the Target Fund will invest at least 70% of its net assets in equity and equity-related securities (which are listed on any Regulated Market), fixed income and fixed income-related securities of companies and/or governments located across the globe. The remaining assets of the Target Fund may be invested in cash and/or cash equivalents. The Target Fund is the Manulife Global Fund – Global Multi-Asset Diversified Income Fund.",PHP,https://public-assets.dragonfi.ph/Securities/MFC/MFC,https://public-assets.dragonfi.ph/Funds/Manulife/mim.png,Manulife,MTPHGM4,4,Multi-Asset,3,Aggressive,62.1773,2026-08-13T00:00:00,False,0.1176,11.7561,0.0665,6.6505,,,,
50,11,GH4,Manulife Global Healthcare Equity Feeder Fund,"The Fund is an equity UITF structured as a feeder fund that aims to maximize total return by investing all or substantially all of its assets in a collective investment scheme (CIS), the Target Fund. The Target Fund aims to provide medium to long term capital growth by investing mainly in equity and equity related securities of companies in health care. The Target Fund will mainly consist of equity and equity related securities in health care and related industries globally and which are listed on any stock exchange. The Target Fund may invest in companies which derive a significant portion of their earnings from medical and pharmaceutical products and services. The remaining assets of the Target Fund may include bonds and deposits. The Target Fund is the Manulife Global Fund – Healthcare Fund.",PHP,https://public-assets.dragonfi.ph/Securities/MFC/MFC,https://public-assets.dragonfi.ph/Funds/Manulife/mim.png,Manulife,MTPHGH4,2,Equity Fund,3,Aggressive,87.7144,2026-08-13T00:00:00,False,0.3877,38.7693,0.1165,11.6499,,,,
53,12,GR4,Manulife Global REIT Feeder Fund,"The Fund is a unit-paying equity UITF structured as a feeder fund that aims to maximize total return by investing all or substantially all of its assets in a collective investment scheme (CIS), the Target Fund. The Target Fund aims to provide income and medium to long term capital growth by investing at least 70% of its net assets in closed-ended real estate investment trusts (“REITs”) listed and traded globally. The Target Fund may also invest up to 30% of its net assets in real estate securities other than REITs and/or cash and cash equivalents. Real estate-related securities include equity, equity-related and fixed income securities of companies which derive a significant portion of their earnings from any aspect of realestate, as well as real estate-related business trusts, property trusts, hospitality trusts, and stapled securities comprising the aforementioned securities (including REITs). The Target Fund is the Manulife Global Fund – Global REIT Fund.",PHP,https://public-assets.dragonfi.ph/Securities/MFC/MFC,https://public-assets.dragonfi.ph/Funds/Manulife/mim.png,Manulife,MTPHGR4,2,Equity Fund,3,Aggressive,50.9944,2026-08-13T00:00:00,False,0.1421,14.2092,0.0505,5.0512,,,,
58,13,IE4,Manulife India Equity Feeder Fund,"The Fund is an equity UITF structured as a feeder fund that aims to maximize total return by investing all or substantially all of its assets in a collective investment scheme (CIS), the Target Fund. The Target Fund aims to provide long term capital growth for those investors who hold a long term investment view and are prepared to accept significant fluctuations in the value of their investments. At least 70% of its net assets will be invested in equity and equity related securities of companies covering the different sectors of the Indian economy and which are listed on a stock exchange either in India or on any stock exchange. Such equity and equity related securities include common stocks, preferred stocks and depositary receipts. The remaining assets of the Target Fund may include bonds and deposits. The Target Fund is the Manulife Global Fund (MGF) India Equity Fund.",PHP,https://public-assets.dragonfi.ph/Securities/MFC/MFC,https://public-assets.dragonfi.ph/Funds/Manulife/mim.png,Manulife,MTPHIE4,2,Equity Fund,3,Aggressive,71.6732,2026-08-13T00:00:00,False,0.0491,4.9093,0.1002,10.0203,,,,
59,14,MM1,Manulife Money Market Fund,The Fund is a money market fund that seeks to preserve capital and generate income by investing in fixed income securities and deposits with maximum remaining term to maturity of up to one (1) year.,PHP,https://public-assets.dragonfi.ph/Securities/MFC/MFC,https://public-assets.dragonfi.ph/Funds/Manulife/mim.png,Manulife,MTPHMM1,1,Money Market,2,Moderate,1.186,2026-08-13T00:00:00,False,0.0361,3.6079,0.0435,4.3459,,,,
55,15,GT4,Manulife Global Technology Equity Feeder Fund,"The Fund is an equity UITF structured as a feeder fund that aims to maximize total return by investing all or substantially all of its assets in a collective investment scheme (CIS), the Target Fund. The Target Fund aims to achieve capital appreciation by investing at least two thirds of its net invested assets in equity securities of companies expected to benefit from the development, advancement and use of technology. The Target Fund may also invest in equity or debt securities of any type of foreign or US issuer as well as in American, European or Global Depositary Receipts. The Target Fund is the Franklin Technology Fund.",PHP,https://public-assets.dragonfi.ph/Securities/MFC/MFC,https://public-assets.dragonfi.ph/Funds/Manulife/mim.png,Manulife,MTPHGT4,2,Equity Fund,3,Aggressive,113.5582,2026-08-13T00:00:00,False,0.4481,44.8057,0.3226,32.2578,,,,
56,16,TO4,Manulife Global Thematic Opportunities Equity Feeder Fund,"The Fund is an equity UITF structured as a feeder fund that aims to maximize total return by investing all or substantially all of its assets in a collective investment scheme (CIS), the Target Fund. The Target Fund aims to achieve capital growth by investing mainly in equities and equity related securities issued by companies throughout the world. The Target Fund also applies a sustainable strategy which aims to achieve a positive environmental and social impact by investing mainly in companies that benefit from global long-term themes resulting from secular changes in economic, social and environmental factors such as demographics, lifestyle or regulations. The Target Fund is the Pictet Global Thematic Opportunities Fund",PHP,https://public-assets.dragonfi.ph/Securities/MFC/MFC,https://public-assets.dragonfi.ph/Funds/Manulife/mim.png,Manulife,MTPHTO4,2,Equity Fund,3,Aggressive,84.0644,2026-08-13T00:00:00,False,0.1918,19.1777,0.139,13.8974,,,,
48,17,CE4,Manulife Global Clean Energy Equity Feeder Fund,"The Fund is an equity UITF structured as a feeder fund that aims to maximize total return by investing all or substantially all of its assets in a collective investment scheme (CIS), the Target Fund. The Target Fund aims to achieve capital growth by investing at least two-thirds of its total assets in listed equity securities of companies that contribute to the reduction of carbon emissions. The investment universe is not limited to a specific geographic region (including emerging countries). The Target Fund also applies a sustainable strategy which aims to achieve a positive environmental and social impact by investing at least two-thirds of its total assets in companies supporting the structural change towards a sustainable, low-carbon economy, helping to reduce greenhouse gas emissions and air pollution. The Target Fund is the Pictet Clean Energy Fund.",PHP,https://public-assets.dragonfi.ph/Securities/MFC/MFC,https://public-assets.dragonfi.ph/Funds/Manulife/mim.png,Manulife,MTPHCE4,2,Equity Fund,3,Aggressive,111.7669,2026-08-13T00:00:00,False,0.5293,52.93,0.2308,23.082,,,,
45,18,SD4,Manulife Asia Short Duration Bond Feeder Fund,"The Fund is a bond UITF structured as a feeder fund that aims to maximize total return by investing all or substantially all of its assets in a collective investment scheme (CIS), the Target Fund. The Target Fund aims to provide investors with income and/or long-term capital appreciation through investing primarily in a portfolio of listed or traded fixed income securities issued by governments, agencies, supra-nationals and corporations in Asia (including Australia and New Zealand). The Target Fund is the Manulife Global Fund (MGF) Asian Short Duration Bond Fund.",PHP,https://public-assets.dragonfi.ph/Securities/MFC/MFC,https://public-assets.dragonfi.ph/Funds/Manulife/mim.png,Manulife,MTPHSD4,3,Bond Fund,2,Moderate,67.373,2026-08-13T00:00:00,False,0.0996,9.9628,0.0604,6.0381,,,,
49,19,DL4,Manulife Global Dynamic Leaders Equity Feeder Fund,"The Fund is an equity UITF structured as a feeder fund that aims to maximize total return by investing all or substantially all of its assets in a collective investment scheme (CIS), the Target Fund. The Target Fund aims to achieve capital growth from investing at least 80% of its net assets in a concentrated portfolio of equity and equity related securities of large capitalisation companies listed globally (including in emerging markets from time to time), including, but not limited to, common stocks and depositary receipts.The Target Fund is the Manulife Global Fund (MGF) Dynamic Leaders Fund.",PHP,https://public-assets.dragonfi.ph/Securities/MFC/MFC,https://public-assets.dragonfi.ph/Funds/Manulife/mim.png,Manulife,MTPHDL4,2,Equity Fund,3,Aggressive,103.6942,2026-08-13T00:00:00,False,0.225,22.4992,0.2243,22.4292,,,,
41,20,EF4,Manulife ASEAN Equity Feeder Fund,"The Fund is an equity UITF structured as a feeder fund that aims to maximize total return by investing all or substantially all of its assets in a collective investment scheme (CIS), the Target Fund. The Target Fund aims to generate long-term capital growth by investing at least 70% of its net assets in equity and equity related securities of companies listed or incorporated in countries which are members of ASEAN as well as companies incorporated outside ASEAN but which have significant economic exposure to, or derive a significant portion of their income from the ASEAN region.",PHP,https://public-assets.dragonfi.ph/Securities/MFC/MFC,https://public-assets.dragonfi.ph/Funds/Manulife/mim.png,Manulife,MTPHEF4,2,Equity Fund,3,Aggressive,69.7654,2026-08-13T00:00:00,False,0.1849,18.4854,,,,,,
33,21,BPIMM1,BPI Short Term Fund,"The Fund aims to generate liquidity and stable income by investing in a diversified portfolio of primarily short-term fixed income
instruments. The Fund aims to provide excess return over the return of the 91-day Philippine Treasury Bill, net of tax.",PHP,https://public-assets.dragonfi.ph/Securities/BPI/BPI,https://public-assets.dragonfi.ph/Funds/BPIWealth/bpiwealth.png,BPI,BPSTUIT,1,Money Market,2,Moderate,183.49,2026-08-13T00:00:00,False,0.0359,3.5906,0.0418,4.1817,,,,
32,22,BPIBF1,BPI Premium Bond Fund,"The Fund intends to achieve for its Participants capital appreciation and income derived from a diversified portfolio of primarily
medium-term fixed income instruments. The Fund aims to provide absolute returns in excess of the return of the BPI Philippine
Government Bond 1-3 Year Index.",PHP,https://public-assets.dragonfi.ph/Securities/BPI/BPI,https://public-assets.dragonfi.ph/Funds/BPIWealth/bpiwealth.png,BPI,BPIPRUI,3,Bond Fund,2,Moderate,218.15,2026-08-13T00:00:00,False,0.009,0.9019,0.0297,2.967,,,,
30,23,BPIEF1,BPI Philippine High Dividend Equity Fund,"The Fund intends to achieve total return through a combination of current income and long-term capital appreciation by
investing in listed companies that have high dividend yields or have established a history of dividend payouts. The Fund aims
to provide returns in excess of the return of the Philippine Stock Exchange Total Return Index (PSEi TRI).",PHP,https://public-assets.dragonfi.ph/Securities/BPI/BPI,https://public-assets.dragonfi.ph/Funds/BPIWealth/bpiwealth.png,BPI,BPPHDEF,2,Equity Fund,3,Aggressive,156.13,2026-08-13T00:00:00,False,0.0724,7.2395,0.0901,9.0124,,,,
23,24,BPIEF2,BPI Equity Value Fund,"The Fund intends to achieve long term capital growth by investing in, to the extent possible, equity securities issued by
Philippine domiciled companies which have a value style bias. The Fund aims to provide returns in excess of the return of the
Philippine Stock Exchange Index Total Return (PSEi TRI).",PHP,https://public-assets.dragonfi.ph/Securities/BPI/BPI,https://public-assets.dragonfi.ph/Funds/BPIWealth/bpiwealth.png,BPI,BPIEQUI,2,Equity Fund,3,Aggressive,148.99,2026-08-13T00:00:00,False,-0.026,-2.6018,0.0152,1.5242,,,,
31,25,BPIEF3,BPI Philippine Infrastructure Equity Index Fund,"The Fund intends to achieve investment returns that track the performance of the BPI Philippine Infrastructure Equity Index by
investing in a diversified portfolio of stocks in the same weights as the index, to the extent practicable.",PHP,https://public-assets.dragonfi.ph/Securities/BPI/BPI,https://public-assets.dragonfi.ph/Funds/BPIWealth/bpiwealth.png,BPI,BPIPIEI,2,Equity Fund,3,Aggressive,249.63,2026-08-13T00:00:00,False,0.4305,43.0462,0.2939,29.3891,,,,
29,26,BPIEF4,BPI Philippine Consumer Equity Index Fund,"The Fund intends to achieve investment returns that track the performance of the BPI Philippine Consumer Equity Index by
investing in a diversified portfolio of stocks in the same weights as the index, to the extent practicable.",PHP,https://public-assets.dragonfi.ph/Securities/BPI/BPI,https://public-assets.dragonfi.ph/Funds/BPIWealth/bpiwealth.png,BPI,BPIPCEI,2,Equity Fund,3,Aggressive,57.97,2026-08-13T00:00:00,False,-0.1732,-17.3156,-0.1101,-11.0106,,,,
34,27,BPIEF5,BPI US Equity Index Feeder Fund - PHP,"The Fund, operating as a multi-class Feeder Fund, aims to achieve investment returns that closely track the S&P® 500 Net Total Return
Index. Pursuant to existing BSP rules and regulations, as a Feeder Fund, this Fund is mandated to invest at least 90% of its assets in a
single collective investment scheme. As a multi-class fund, this Fund has more than one class of units in the Fund and is invested in the
same Target Fund and pool of securities, investment objectives and policies. The unit classes of the fund settle in different currencies.",PHP,https://public-assets.dragonfi.ph/Securities/BPI/BPI,https://public-assets.dragonfi.ph/Funds/BPIWealth/bpiwealth.png,BPI,BPUSFFP,2,Equity Fund,3,Aggressive,300.9,2026-08-13T00:00:00,False,0.2932,29.3192,0.2308,23.0809,,,,
28,30,BPIPMM1,BPI PERA Money Market Fund,The Fund intends to achieve for its participants liquidity and stable income derived from a diversified portfolio of primarily short-term fixed income instruments. The Fund aims to provide returns in excess of the return of the 91-day Philippine Treasury Bill.,PHP,https://public-assets.dragonfi.ph/Securities/BPI/BPI,https://public-assets.dragonfi.ph/Funds/BPIWealth/bpiwealth.png,BPI,,1,Money Market,2,Moderate,1.48,2026-08-13T00:00:00,True,0.0571,5.7143,0.0636,6.3618,,,,
27,31,BPIPGB1,BPI PERA Government Bond Fund,The Fund intends to achieve for its participants capital appreciation and income derived from a diversified portfolio of primarily long-term fixed income securities issued by the Republic of the Philippines. The Fund aims to provide returns in excess of the return of the BPI Philippine Government Bond Index.,PHP,https://public-assets.dragonfi.ph/Securities/BPI/BPI,https://public-assets.dragonfi.ph/Funds/BPIWealth/bpiwealth.png,BPI,,3,Bond Fund,2,Moderate,1.45,2026-08-13T00:00:00,True,-0.0068,-0.6849,0.0424,4.2444,,,,
25,32,BPIPCI1,BPI PERA Corporate Income Fund,The Fund's objective is to achieve for its participants capital appreciation and income derived from a diversified mix of preferred stocks and fixed income securities primarily issued by Philippine corporations. The Fund aims to provide returns in excess of the return of the BPI Philippine Corporate Bond Index.,PHP,https://public-assets.dragonfi.ph/Securities/BPI/BPI,https://public-assets.dragonfi.ph/Funds/BPIWealth/bpiwealth.png,BPI,,3,Bond Fund,2,Moderate,1.27,2026-08-13T00:00:00,True,0.0242,2.4194,0.0428,4.2786,,,,
26,33,BPIPE1,BPI PERA Equity Fund,The Fund’s objective is to achieve for its participants long-term capital growth derived from a diversified portfolio of equity securities issued by Philippine domiciled companies. The Fund aims to provide returns in excess of the return of the PSEi.,PHP,https://public-assets.dragonfi.ph/Securities/BPI/BPI,https://public-assets.dragonfi.ph/Funds/BPIWealth/bpiwealth.png,BPI,,2,Equity Fund,3,Aggressive,0.95,2026-08-13T00:00:00,True,-0.0104,-1.0417,0.0108,1.0754,,,,
54,34,SO4,Manulife Global Semiconductor Opportunities Equity Feeder Fund,"The Fund is an equity UITF structured as a feeder fund that aims to maximize total return by investing all or substantially all of its assets in a collective investment scheme (CIS), the Target Fund. The Target Fund aims to achieve capital appreciation by investing at least 70% of its net assets in equity and equity related securities of companies in the semiconductor and semiconductor-related industries, listed globally (including in emerging markets from time to time), including, but not limited to, common stocks and depositary receipts. The business of these companies will include, but are not limited to, development and production of semiconductors and related equipment and components, as well as the direct downstream beneficiaries of advancements within the semiconductor industry.",PHP,https://public-assets.dragonfi.ph/Securities/MFC/MFC,https://public-assets.dragonfi.ph/Funds/Manulife/mim.png,Manulife,MTPHSO4,2,Equity Fund,3,Aggressive,124.4895,2026-08-13T00:00:00,False,0.0,0.0,,,,,,
38,35,220,EW PERA Peso Money Market Fund,The EASTWEST PERA PESO MONEY MARKET fund aims to provide its participants liquidity and stable income derived from diversified portfolio of bank deposits and short term fixed income instruments with remaining terms to maturity of a maximum of three (3) years and has a maximum weighted average portfolio life of one (1) year.,PHP,https://public-assets.dragonfi.ph/Securities/EW/EW,https://public-assets.dragonfi.ph/Funds/EastWest/eastwest.png,EastWest,EASPMON,1,Money Market,1,Conservative,101.6417,2026-08-13T00:00:00,True,0.0,0.0,,,,,,
36,36,221,EW PERA Peso Intermediate Term Bond Fund,"The EASTWEST PERA PESO INTERMEDIATE TERM BOND fund is a peso-denominated fixed income fund that intends to provide its participants with the potential to earn intermediate-term returns higher than traditional bank deposits. It is invested in government securities, corporate bonds and notes and term deposits. The Fund maintains a weighted average portfolio life of more than one (1) year up to three (3) years. Outside of the context of a portfolio, it is suitable for investors seeking capital growth over an investment time horizon of at least three (3) years through a managed portfolio of fixed-income instruments.",PHP,https://public-assets.dragonfi.ph/Securities/EW/EW,https://public-assets.dragonfi.ph/Funds/EastWest/eastwest.png,EastWest,EASITBF,3,Bond Fund,2,Moderate,1024.4674,2026-08-13T00:00:00,True,0.0,0.0,,,,,,
37,37,219,EW PERA Peso Long Term Bond Fund,"The EASTWEST PERA PESO LONG TERM BOND FUND is a peso-denominated fixed income fund that intends to provide its participants the potential to earn higher long-term returns by investing in a diversified portfolio of deposits and tradable debt securities issued by the Philippine government, its agencies and private corporations. The Fund has a weighted average portfolio life of a maximum of ten (10) years. Outside of the context of a portfolio, it is suitable for investors seeking long-term capital growth over an investment horizon of at least ten (10) years through a managed portfolio of fixed-income instruments. The Fund aims to outperform inflation.",PHP,https://public-assets.dragonfi.ph/Securities/EW/EW,https://public-assets.dragonfi.ph/Funds/EastWest/eastwest.png,EastWest,EASLTBF,3,Bond Fund,3,Aggressive,1024.3809,2026-08-13T00:00:00,True,0.0,0.0,,,,,,
39,38,218,EW PERA PSEi Tracker Fund,"The EASTWEST PERA PSEI TRACKER Fund seeks to achieve investment returns that track the performance of the Philippine Stock Exchange Index (PSEi) by investing in a diversified portfolio of stocks comprising the PSEi, mirroring the same weights as the index. The Fund is ideal for investors with an aggressive risk appetite and a long-term investment horizon of at least ten (10) years.",PHP,https://public-assets.dragonfi.ph/Securities/EW/EW,https://public-assets.dragonfi.ph/Funds/EastWest/eastwest.png,EastWest,EASPQTK,2,Equity Fund,3,Aggressive,102.7098,2026-08-13T00:00:00,True,0.0,0.0,,,,,,
24,39,BPIGEFOF,BPI Global Equity Fund of Funds,"The Fund, operating as a Fund-of-Funds, intends to achieve long-term capital growth by investing in a diversified portfolio of global equity collective investment schemes. The Fund aims to provide excess return over the Morgan Stanley Capital International (MSCI) All Country World Index Net Total Return Index (USD).",PHP,https://public-assets.dragonfi.ph/Securities/BPI/BPI,https://public-assets.dragonfi.ph/Funds/BPIWealth/bpiwealth.png,BPI,GEFOFPH,2,Equity Fund,3,Aggressive,101.07,2026-08-13T00:00:00,False,0.0,0.0,,,,,,
35,40,BPIWTFF,BPI World Technology Feeder Fund - PHP,"The Fund, operating as a Feeder Fund, intends to achieve long term capital growth by investing in a Target Fund that invests in stocks in the technology sector. The Fund aims to provide excess return over the MSCI AC World Information Technology Index.
",PHP,https://public-assets.dragonfi.ph/Securities/BPI/BPI,https://public-assets.dragonfi.ph/Funds/BPIWealth/bpiwealth.png,BPI,WTFFPHP,2,Equity Fund,3,Aggressive,95.67,2026-08-13T00:00:00,False,0.0,0.0,,,,,,
18,43,13UF03,ATRAM Peso Money Market Fund,"The objective of the Fund is to maximize income and achieve higher returns compared to regular bank deposits while preserving capital by investing in a portfolio of very liquid, fixed income instruments and maintaining an average portfolio duration of 1 year or less. Please note: The cut-off time for subscriptions to/redemptions from the Fund may vary depending on the distribution channel clients use to transact or submit orders to. Regardless of the channel, the cut-off time will not be later than the cut-off time stated in this document. Investors should review the terms and conditions of their chosen channel for accurate information on transaction deadlines.",PHP,https://public-assets.dragonfi.ph/Securities/ATRAM/ATRAM.png,https://public-assets.dragonfi.ph/Funds/ATRAM/atram.png,ATRAM,ATRPHMM,1,Money Market,1,Conservative,128.7393,2026-08-13T00:00:00,False,0.0324,3.2445,0.0391,3.9142,,,,
7,47,14UF05,ATRAM Global Equity Opportunity Feeder Fund,"The Fund seeks to achieve long-term capital appreciation by investing all or substantially all of its assets in an equity collective investment scheme that invests principally in equity securities in markets throughout the world including major markets and smaller emerging markets. Please note: The cut-off time for subscriptions to/redemptions from the Fund may vary depending on the distribution channel clients use to transact or submit orders to. Regardless of the channel, the cut-off time will not be later than the cut-off time stated in this document. Investors should review the terms and conditions of their chosen channel for accurate information on transaction deadlines.",PHP,https://public-assets.dragonfi.ph/Securities/ATRAM/ATRAM.png,https://public-assets.dragonfi.ph/Funds/ATRAM/atram.png,ATRAM,ATRGEQP,2,Equity Fund,3,Aggressive,145.4013,2026-08-12T00:00:00,False,0.231,23.1047,0.1068,10.6838,,,,
2,48,14UF06,ATRAM Global Allocation Feeder Fund,"The Fund seeks to maximize total return by investing all or substantially all of its assets in a balanced collective investment scheme that invests globally in equity, debt and short-term securities, of both corporate and government issuers. Please note: The cut-off time for subscriptions to/redemptions from the Fund may vary depending on the distribution channel clients use to transact or submit orders to. Regardless of the channel, the cut-off time will not be later than the cut-off time stated in this document. Investors should review the terms and conditions of their chosen channel for accurate information on transaction deadlines.",PHP,https://public-assets.dragonfi.ph/Securities/ATRAM/ATRAM.png,https://public-assets.dragonfi.ph/Funds/ATRAM/atram.png,ATRAM,ATRGAAP,4,Multi-Asset,3,Aggressive,137.9938,2026-08-12T00:00:00,False,0.2186,21.8573,0.1408,14.0813,,,,
14,49,14UF07,ATRAM Medium Term Peso Bond Fund,The objective of the fund (formerly the ATRAM Total Return Peso Bond Fund) is to maximize total return of a fixed income portfolio,PHP,https://public-assets.dragonfi.ph/Securities/ATRAM/ATRAM.png,https://public-assets.dragonfi.ph/Funds/ATRAM/atram.png,ATRAM,ATRPHFI,3,Bond Fund,2,Moderate,146.8903,2026-08-13T00:00:00,False,0.0386,3.8617,0.0405,4.049,,,,
6,50,16UF11,ATRAM Global Dividend Feeder Fund,The Fund seeks to achieve income and long-term capital appreciation by investing all or substantially all of its assets in a collective investment scheme that invests principally in income producing equity securities in markets throughout the world. Please note: The cut-off time for subscriptions to/redemptions from the Fund may vary depending on the distribution channel clients use to transact or submit orders to. Regardless of the channel,PHP,https://public-assets.dragonfi.ph/Securities/ATRAM/ATRAM.png,https://public-assets.dragonfi.ph/Funds/ATRAM/atram.png,ATRAM,ATRGLDV,2,Equity Fund,3,Aggressive,244.343,2026-08-12T00:00:00,False,0.1893,18.9266,0.1614,16.138,,,,
0,51,16UF12,ATRAM Asia Equity Opportunity Feeder Fund,The Fund seeks to achieve long-term capital growth by investing all or substantially all of its assets in a collective investment scheme that invests principally in equity securities of companies in Asia Pacific region (excluding Japan). Please note: The cut-off time for subscriptions to/redemptions from the Fund may vary depending on the distribution channel clients use to transact or submit orders to. Regardless of the channel,PHP,https://public-assets.dragonfi.ph/Securities/ATRAM/ATRAM.png,https://public-assets.dragonfi.ph/Funds/ATRAM/atram.png,ATRAM,ATRASEQ,2,Equity Fund,3,Aggressive,197.0822,2026-08-12T00:00:00,False,0.3951,39.513,0.1982,19.8166,,,,
12,52,18UF13,ATRAM Global Technology Feeder Fund,The Fund seeks to achieve long-term capital appreciation by investing all or substantially all of its assets in a collective investment scheme that invests principally in equity securities of companies throughout the world that derive or benefit significantly from technological advances and improvements. Please note: The cut-off time for subscriptions to/redemptions from the Fund may vary depending on the distribution channel clients use to transact or submit orders to. Regardless of the channel,PHP,https://public-assets.dragonfi.ph/Securities/ATRAM/ATRAM.png,https://public-assets.dragonfi.ph/Funds/ATRAM/atram.png,ATRAM,ATRGTEC,2,Equity Fund,3,Aggressive,505.6215,2026-08-12T00:00:00,False,0.3508,35.0812,0.2659,26.5894,,,,
8,53,19UF14,ATRAM Global Financials Feeder Fund,The Fund seeks to achieve long-term capital appreciation by investing all or substantially all of its assets in an equity collective investment scheme that invests mainly in equity securities of companies predominantly involved in providing financial services. Please note: The cut-off time for subscriptions to/redemptions from the Fund may vary depending on the distribution channel clients use to transact or submit orders to. Regardless of the channel,PHP,https://public-assets.dragonfi.ph/Securities/ATRAM/ATRAM.png,https://public-assets.dragonfi.ph/Funds/ATRAM/atram.png,ATRAM,ATRGFNP,2,Equity Fund,3,Aggressive,341.5255,2026-08-12T00:00:00,False,0.2745,27.4475,0.3204,32.045,,,,
11,54,19UF15,ATRAM Global Multi-asset Income Feeder Fund,The Fund seeks to achieve income and long-term capital growth by investing all or substantially all of its assets in a collective investment scheme that invests primarily in global debt securities and equities. Please note: The cut-off time for subscriptions to/redemptions from the Fund may vary depending on the distribution channel clients use to transact or submit orders to. Regardless of the channel,PHP,https://public-assets.dragonfi.ph/Securities/ATRAM/ATRAM.png,https://public-assets.dragonfi.ph/Funds/ATRAM/atram.png,ATRAM,ATRGMIP,4,Multi-Asset,3,Aggressive,112.8848,2026-08-12T00:00:00,False,0.1356,13.5604,0.0624,6.2407,,,,
22,55,19UF16,ATRAM US Multi-asset Income Feeder Fund,The Fund aims to achieve income and long-term capital growth by investing all or substantially all of its assets in a collective investment scheme that invests primarily in United States of America corporate debt securities and equities. Please note: The cut-off time for subscriptions to/redemptions from the Fund may vary depending on the distribution channel clients use to transact or submit orders to. Regardless of the channel,PHP,https://public-assets.dragonfi.ph/Securities/ATRAM/ATRAM.png,https://public-assets.dragonfi.ph/Funds/ATRAM/atram.png,ATRAM,ATRUMIP,4,Multi-Asset,3,Aggressive,139.9504,2026-08-11T00:00:00,False,0.091,9.0983,0.075,7.5024,,,,
4,56,19UF17,ATRAM Global Bond Income Feeder Fund,The Fund seeks to maximize total return by investing all or substantially of its assets in collective investment scheme that invests primarily in global debt securities. Please note: The cut-off time for subscriptions to/redemptions from the Fund may vary depending on the distribution channel clients use to transact or submit orders to. Regardless of the channel,PHP,https://public-assets.dragonfi.ph/Securities/ATRAM/ATRAM.png,https://public-assets.dragonfi.ph/Funds/ATRAM/atram.png,ATRAM,ATRGBIP,3,Bond Fund,3,Aggressive,99.9018,2026-08-12T00:00:00,False,0.061,6.1038,0.0446,4.4568,,,,
5,57,20UF19,ATRAM Global Consumer Trends Feeder Fund,The Fund seeks to achieve long-term capital growth by investing all or substantially all of its assets in a collective investment scheme that invests globally in equities of companies that are predominantly engaged in the design,PHP,https://public-assets.dragonfi.ph/Securities/ATRAM/ATRAM.png,https://public-assets.dragonfi.ph/Funds/ATRAM/atram.png,ATRAM,ATRCTRP,2,Equity Fund,3,Aggressive,214.1101,2026-08-12T00:00:00,False,0.0868,8.6806,0.1859,18.5923,,,,
9,58,22UF22,ATRAM Global Health Care Feeder Fund,The UITF Feeder Fund that seeks to achieve long-term capital appreciation by investing all or substantially all of its assets in a collective investment scheme that invests principally in equity securities of companies throughout the world that are involved in the design,PHP,https://public-assets.dragonfi.ph/Securities/ATRAM/ATRAM.png,https://public-assets.dragonfi.ph/Funds/ATRAM/atram.png,ATRAM,ATRGHCP,2,Equity Fund,3,Aggressive,110.3782,2026-08-12T00:00:00,False,0.1618,16.1809,0.0326,3.2582,,,,
10,59,22UF23,ATRAM Global Infra Equity Feeder Fund,The UITF Feeder Fund that seeks to provide long-term capital growth and income through a globally diversified portfolio of listed infrastructure shares while promoting environmental,PHP,https://public-assets.dragonfi.ph/Securities/ATRAM/ATRAM.png,https://public-assets.dragonfi.ph/Funds/ATRAM/atram.png,ATRAM,ATRGIEP,2,Equity Fund,3,Aggressive,139.5855,2026-08-12T00:00:00,False,0.188,18.7986,0.1406,14.0574,,,,
1,60,22UF24,ATRAM Asian Multi-asset Feeder Fund,The Fund seeks to achieve capital growth and income by investing all or substantially all its assets in a collective investment scheme that invests primarily in Asian fixed income securities and Asian equities (including real estate investment trusts). Please note: The cut-off time for subscriptions to/redemptions from the Fund may vary depending on the distribution channel clients use to transact or submit orders to. Regardless of the channel,PHP,https://public-assets.dragonfi.ph/Securities/ATRAM/ATRAM.png,https://public-assets.dragonfi.ph/Funds/ATRAM/atram.png,ATRAM,ATRAMIP,4,Multi-Asset,3,Aggressive,124.8942,2026-08-12T00:00:00,False,0.269,26.9037,0.1081,10.8133,,,,
16,61,22UF25,ATRAM Peso Diversified Income Fund,The Fund aims to generate income that is higher than pure government bond and corporate bond funds. It does not intend to replicate the total return of any fixed income or equity benchmark,PHP,https://public-assets.dragonfi.ph/Securities/ATRAM/ATRAM.png,https://public-assets.dragonfi.ph/Funds/ATRAM/atram.png,ATRAM,ATRPDIF,4,Multi-Asset,2,Moderate,103.2331,2026-08-13T00:00:00,False,-0.0334,-3.3351,0.0116,1.1569,,,,
17,62,23UF26,ATRAM Peso Liquid Fund,The primary objective of the fund (formerly the PRUinvest PHP Liquid Fund) is capital preservation. The fund aims to provide investors a vehicle for short-term placement investing primarily in government securities,PHP,https://public-assets.dragonfi.ph/Securities/ATRAM/ATRAM.png,https://public-assets.dragonfi.ph/Funds/ATRAM/atram.png,ATRAM,PRUPHLQ,1,Money Market,1,Conservative,1.1974,2026-08-13T00:00:00,False,0.0356,3.5634,0.0382,3.8242,,,,
13,63,23UF34,ATRAM Long Term Peso Bond Fund,The objective of the fund ( formerly the PRUInvest PHP Intermediate Term Bond Fund) is to maximize total return of a fixed income portfolio,PHP,https://public-assets.dragonfi.ph/Securities/ATRAM/ATRAM.png,https://public-assets.dragonfi.ph/Funds/ATRAM/atram.png,ATRAM,PRUPIBA,3,Bond Fund,3,Aggressive,1.1559,2026-08-13T00:00:00,False,0.0309,3.0857,0.0431,4.3119,,,,
20,64,23UF35,ATRAM Philippine Balanced Fund,The fund (formerly the PRUInvest PHP Multi-Asset Allocation Fund) seeks to achieve capital appreciation over the medium-term to long-term and achieve total returns through investment in peso denominated money market instruments,PHP,https://public-assets.dragonfi.ph/Securities/ATRAM/ATRAM.png,https://public-assets.dragonfi.ph/Funds/ATRAM/atram.png,ATRAM,PRUPBAA,4,Multi-Asset,3,Aggressive,1.029,2026-08-13T00:00:00,False,-0.0113,-1.1337,0.0067,0.673,,,,
3,68,25UF39,ATRAM Global Artificial Intelligence Feeder Fund,The Fund seeks to achieve long-term capital appreciation by investing all or substantially all of its assets in an equity collective investment scheme that invests primarily in companies throughout the world that develop,PHP,https://public-assets.dragonfi.ph/Securities/ATRAM/ATRAM.png,https://public-assets.dragonfi.ph/Funds/ATRAM/atram.png,ATRAM,ATRGAIA,2,Equity Fund,3,Aggressive,142.2145,2026-08-12T00:00:00,False,0.304,30.3961,,,,,,
21,69,26UF43,ATRAM Short Term Peso Bond Fund, ,PHP,https://public-assets.dragonfi.ph/Securities/ATRAM/ATRAM.png,https://public-assets.dragonfi.ph/Funds/ATRAM/atram.png,ATRAM,IFDPMMP,1,Money Market,1,Conservative,178.4488,2026-08-13T00:00:00,False,0.0331,3.3118,0.0433,4.334,,,,
15,71,26UF50,ATRAM Nasdaq Equity Income Feeder Fund,The Fund aims to achieve income with potential for capital appreciation by investing all or substantially all of its assets in an equity collective investment scheme that invests in a portfolio of equity securities comprising primarily of companies that are domiciled in,PHP,https://public-assets.dragonfi.ph/Securities/ATRAM/ATRAM.png,https://public-assets.dragonfi.ph/Funds/ATRAM/atram.png,ATRAM,ATRQIAP,2,Equity Fund,3,Aggressive,105.8676,2026-08-12T00:00:00,False,0.0,0.0,,,,,,
19,72,26UF51,ATRAM Philippine Alpha Opportunity Fund,The Fund seeks to achieve growth over the long term by investing primarily in equity securities of Philippine companies,PHP,https://public-assets.dragonfi.ph/Securities/ATRAM/ATRAM.png,https://public-assets.dragonfi.ph/Funds/ATRAM/atram.png,ATRAM,ATRALPA,2,Equity Fund,3,Aggressive,102.7637,2026-08-13T00:00:00,False,0.0,0.0,,,,,,
